bar_id,beer_id,is_on_tap,price
1,13,0,4
1,76,0,5
1,69,1,7
1,61,0,8
1,63,0,7
1,8,1,7
1,54,0,6
1,67,0,8
1,0,0,7
1,27,1,6
1,55,0,6
1,4,1,5
1,41,0,6
1,90,0,7
1,45,0,8
1,30,0,6
1,85,0,6
1,21,0,8
1,37,0,5
1,44,0,6
1,80,0,7
1,52,0,7
1,2,0,4
1,15,0,4
1,49,1,5
1,17,0,7
1,53,0,5
1,51,1,6
1,5,1,4
1,62,0,7
1,1,1,4
1,83,1,6
1,75,0,6
1,64,0,6
1,58,0,5
1,96,0,6
1,25,0,6
1,26,1,5
1,50,0,4
2,93,1,5
2,60,1,9
2,25,1,6
2,80,0,10
2,51,0,6
2,47,1,5
2,61,1,8
2,27,0,6
2,11,1,7
2,49,0,6
2,57,1,8
2,76,1,6
2,85,1,10
2,54,1,7
2,9,1,6
2,12,1,6
2,62,1,6
2,42,0,7
2,71,0,4
3,22,0,5
3,84,0,5
3,97,0,7
3,74,0,9
3,27,0,5
3,96,0,5
3,44,0,7
3,66,1,6
3,46,1,6
3,59,0,7
3,56,0,9
3,13,1,5
3,45,0,8
3,58,0,8
3,7,0,4
3,98,0,9
3,71,0,5
3,54,0,4
3,52,0,7
3,5,0,6
3,29,0,6
3,23,1,6
3,72,0,5
4,54,0,5
4,47,0,5
4,77,0,7
4,59,0,6
4,95,0,4
4,43,0,6
4,67,0,7
4,10,0,4
4,88,0,9
4,41,0,6
4,56,0,7
4,39,0,6
4,7,0,5
4,38,0,7
4,96,0,6
4,66,0,4
4,19,0,4
4,91,0,7
4,28,0,6
4,42,0,5
4,98,0,9
4,55,0,5
4,2,0,5
4,8,0,5
4,49,0,9
4,93,0,4
4,3,0,5
4,70,0,9
4,84,0,6
4,21,0,5
4,69,0,7
4,76,0,7
4,71,0,4
4,99,0,9
4,31,0,7
5,87,1,7
5,79,1,7
5,29,1,7
5,91,1,8
5,52,1,5
5,39,1,5
5,94,1,6
5,51,1,9
5,41,1,5
5,25,1,5
5,64,1,6
5,23,1,5
5,40,1,7
5,4,1,7
5,58,1,5
5,89,1,5
5,95,1,5
5,14,1,7
5,69,1,6
5,86,0,6
5,70,1,7
5,97,1,6
5,22,1,8
5,1,1,6
5,72,1,5
5,84,1,6
5,8,1,6
5,59,1,8
5,61,1,7
5,33,1,5
5,44,1,7
5,10,1,5
5,76,1,6
6,21,0,7
6,28,1,6
6,67,0,6
6,35,0,4
6,12,1,5
6,38,0,6
6,78,1,8
6,74,0,7
6,44,0,8
6,92,0,5
6,94,0,7
6,80,1,5
6,32,0,6
6,47,0,7
6,58,0,5
6,82,0,9
6,86,0,9
6,14,0,7
6,25,0,5
6,6,1,5
6,68,1,8
6,30,1,6
6,11,0,5
6,41,1,6
6,39,0,7
6,54,1,7
7,46,0,6
7,87,1,8
7,58,1,5
7,24,1,4
7,64,0,9
7,40,1,7
7,48,1,6
7,37,1,6
7,29,0,5
7,30,0,7
7,47,1,5
7,54,1,5
7,8,1,6
7,82,0,6
8,10,0,4
8,89,0,6
8,4,1,4
8,71,1,8
8,9,0,6
8,68,0,5
8,60,1,8
8,82,0,7
8,65,0,6
8,13,1,7
8,53,1,7
8,93,1,7
8,40,1,8
8,55,0,5
8,7,0,6
8,72,1,7
8,57,0,7
9,76,0,7
9,84,1,5
9,86,1,7
9,10,0,5
9,75,1,6
9,15,0,4
9,24,0,5
9,42,1,5
9,37,1,5
9,74,1,7
9,5,1,6
9,66,1,6
9,92,1,6
9,30,1,7
9,97,1,8
9,94,1,5
9,68,1,8
9,85,1,7
9,59,1,7
9,98,1,9
9,44,1,7
9,52,1,7
9,33,1,4
9,80,0,8
9,31,1,5
9,40,0,8
9,93,0,6
9,64,1,9
9,19,1,6
9,67,0,7
9,41,1,6
9,12,1,6
9,62,1,6
9,96,0,6
9,81,1,9
9,48,1,6
9,89,1,6
9,21,1,5
9,95,1,6
9,83,1,9
10,33,0,5
10,79,0,8
10,31,0,5
10,43,0,7
10,96,0,5
10,55,0,4
10,10,1,6
10,49,0,6
10,45,0,9
10,58,0,7
10,38,0,5
10,14,0,5
10,83,0,8
10,53,0,7
10,4,0,6
10,35,0,6
10,92,0,5
11,43,0,7
11,57,1,5
11,49,0,7
11,23,1,6
11,37,0,5
11,60,1,9
11,90,1,5
11,94,0,7
11,77,0,8
11,64,1,6
11,68,1,8
11,69,1,6
11,56,1,7
11,73,0,9
11,59,1,8
11,82,0,8
11,2,0,5
11,9,0,5
11,10,1,4
11,33,1,5
11,84,1,6
11,39,1,6
12,68,1,7
12,59,0,8
12,49,0,7
12,9,0,6
12,2,0,7
12,60,0,8
12,27,1,7
12,28,1,7
12,6,1,6
12,78,0,6
12,32,0,7
12,64,0,10
12,18,0,8
12,80,0,5
12,29,0,6
12,0,0,8
12,23,0,5
13,3,0,6
13,58,0,8
13,80,0,10
13,52,0,5
13,29,1,7
13,9,1,7
13,55,0,4
13,45,1,7
13,96,1,6
13,6,0,6
13,17,1,6
13,20,1,6
13,53,0,7
13,24,0,7
13,47,0,6
13,15,0,4
13,44,0,6
13,39,0,7
13,48,0,7
13,67,0,7
13,77,1,8
13,66,1,9
13,28,0,4
13,31,1,6
13,35,0,6
13,51,1,7
13,34,0,5
13,78,0,6
13,79,1,6
13,70,0,4
13,12,0,5
13,43,0,5
14,63,0,7
14,6,0,5
14,62,0,8
14,35,0,6
14,42,0,6
14,83,0,7
14,16,0,8
14,56,0,8
14,37,0,6
14,68,0,8
14,82,0,9
14,78,0,6
14,39,0,4
14,52,0,8
14,81,0,6
14,15,0,6
14,64,0,9
14,46,0,6
14,0,0,5
14,72,0,7
14,2,0,7
14,36,0,6
14,13,0,6
14,40,0,7
14,91,0,6
14,57,0,7
14,48,0,6
14,5,0,4
14,43,0,6
14,92,0,5
14,80,0,9
14,54,0,6
15,37,0,5
15,10,0,5
15,43,0,5
15,52,0,6
15,39,0,6
15,40,0,5
15,9,0,6
15,84,0,4
15,80,0,9
15,29,1,6
15,1,1,5
15,22,0,8
15,68,1,6
15,71,0,8
15,72,1,5
15,24,0,8
15,42,0,5
15,69,0,6
15,19,0,5
15,75,0,9
15,25,1,5
15,62,1,7
15,45,0,9
15,8,1,7
15,16,0,7
16,66,0,7
16,95,1,7
16,7,0,6
16,54,0,5
16,87,0,7
16,60,1,10
16,46,0,9
16,59,0,8
16,67,0,8
16,27,0,6
16,39,0,4
16,81,0,7
16,90,0,6
16,10,0,6
16,94,1,5
17,92,1,5
17,82,1,8
17,25,1,5
17,67,1,7
17,85,1,10
17,94,1,4
17,55,1,6
17,43,1,6
17,59,1,6
17,57,0,7
17,54,1,4
17,23,1,6
17,31,0,4
17,79,0,8
18,43,0,5
18,21,0,7
18,29,0,8
18,74,0,7
18,53,1,8
18,12,0,7
18,60,0,10
18,59,0,7
18,90,0,5
18,70,1,6
19,82,1,7
19,36,0,5
19,71,1,5
19,31,1,4
19,76,1,5
19,53,0,7
19,41,1,5
19,98,0,7
19,3,0,6
19,89,1,4
19,58,1,7
19,51,0,7
19,85,1,8
19,62,0,8
19,42,0,7
19,55,1,6
20,82,1,8
20,35,0,5
20,20,1,5
20,16,1,4
20,77,1,8
20,2,0,8
20,61,1,7
20,41,1,8
20,30,0,6
20,72,1,6
20,40,1,6
20,3,0,7
20,80,0,9
20,75,1,7
20,49,0,5
21,93,0,7
21,71,0,8
21,16,0,8
21,37,0,4
21,52,0,8
21,62,0,5
21,6,0,5
21,72,0,7
21,19,1,6
21,59,0,6
21,31,1,5
21,29,0,5
21,40,1,5
21,13,0,4
21,82,0,5
21,94,0,5
21,34,0,6
21,96,0,6
21,97,1,9
21,99,0,5
21,7,0,5
21,51,0,5
21,18,1,8
21,65,0,5
21,47,1,5
21,63,0,10
21,27,0,4
21,35,0,5
21,92,0,4
22,76,1,6
22,53,1,5
22,11,1,5
22,2,1,8
22,82,1,9
22,52,1,7
22,46,1,7
22,44,1,5
22,93,1,4
22,28,1,5
22,91,1,7
22,88,1,8
22,64,1,7
22,99,0,11
22,17,1,6
22,98,1,9
22,45,1,8
22,65,1,8
22,37,1,4
22,25,1,6
22,47,1,5
22,3,1,6
22,39,1,6
22,0,1,5
22,69,1,6
23,89,0,5
23,39,0,6
23,48,0,6
23,18,0,6
23,76,0,8
23,50,0,7
23,8,0,5
23,98,0,10
23,81,0,9
23,71,0,5
23,42,0,6
23,35,0,5
23,53,0,6
23,34,0,6
23,43,1,7
23,22,0,6
23,31,1,7
23,45,0,7
23,7,1,7
23,83,1,6
23,21,0,5
23,30,0,8
23,99,0,9
23,33,0,7
23,26,0,4
23,92,0,4
24,21,1,6
24,13,1,6
24,7,1,5
24,53,1,5
24,71,1,7
24,42,1,6
24,31,1,6
24,0,1,7
24,94,0,6
24,60,1,7
24,15,1,5
24,48,1,6
24,64,1,5
24,93,1,6
24,67,1,11
24,72,0,8
24,63,1,8
24,18,1,7
24,91,1,7
24,77,0,10
24,97,1,5
24,58,1,6
24,96,1,7
24,8,1,6
24,80,1,9
24,49,1,5
24,9,1,6
24,28,1,7
24,78,1,10
24,70,1,5
25,52,0,7
25,72,0,7
25,1,0,7
25,28,0,7
25,98,0,6
25,49,0,6
25,35,1,6
25,93,0,5
25,21,0,4
25,57,0,6
25,33,0,4
25,83,0,5
25,87,0,5
26,99,0,8
26,62,0,8
26,6,0,6
26,34,0,7
26,13,0,7
26,26,0,7
26,53,0,5
26,21,0,7
26,71,0,6
26,35,0,4
26,16,0,7
26,45,0,9
26,98,0,10
26,44,0,7
27,5,0,7
27,67,0,10
27,65,0,8
27,26,1,6
27,74,0,5
27,3,0,5
27,4,0,6
27,36,0,6
27,56,0,7
27,82,1,10
27,50,0,4
27,25,0,7
27,53,1,6
27,22,0,7
27,32,0,6
27,55,0,6
27,95,1,4
27,37,0,3
27,45,0,7
27,68,0,7
27,93,0,6
27,2,0,6
27,43,0,5
27,70,1,9
27,21,0,5
27,42,0,5
27,35,0,7
27,77,0,9
27,84,0,5
27,27,0,5
27,52,0,7
27,10,0,4
27,18,0,5
27,9,0,4
27,17,0,7
27,28,0,6
28,65,1,9
28,43,1,5
28,3,1,6
28,8,1,5
28,75,1,8
28,53,1,6
28,70,1,7
28,83,1,9
28,81,1,10
28,79,1,8
28,66,1,8
28,55,1,5
28,17,1,6
28,29,1,6
28,14,1,5
28,96,1,7
28,49,1,6
28,48,1,6
28,23,1,4
28,63,1,6
28,50,1,6
28,27,1,5
28,68,1,4
28,33,1,5
28,32,1,4
28,64,1,7
28,13,1,4
28,94,1,6
28,9,1,6
28,98,1,8
28,19,1,7
28,34,1,7
28,99,1,6
28,71,1,7
28,30,1,7
29,44,1,6
29,69,1,8
29,88,1,9
29,7,1,5
29,35,1,5
29,19,1,6
29,93,1,7
29,98,1,8
29,57,1,6
29,83,1,8
29,41,1,6
30,24,0,4
30,57,0,7
30,0,0,6
30,52,0,8
30,15,1,5
30,62,1,6
30,54,0,5
30,64,1,6
30,12,1,4
30,43,0,6
30,5,1,7
30,80,0,6
30,8,0,6
30,66,0,5
30,70,0,8
30,39,0,5
30,74,0,8
30,14,1,6
30,92,0,5
31,64,1,7
31,89,0,6
31,8,1,7
31,30,0,8
31,34,1,8
31,65,1,10
31,43,0,4
31,15,1,4
31,39,0,7
31,25,1,6
31,11,1,6
31,63,0,7
31,40,1,5
31,98,1,10
31,38,1,5
31,66,1,7
31,83,1,8
31,24,0,6
31,67,1,10
31,20,1,7
31,44,1,9
31,92,1,5
31,91,1,6
31,45,1,6
32,2,0,5
32,75,0,4
32,67,1,9
32,20,1,4
32,26,1,6
32,53,1,5
32,50,0,5
32,63,1,7
32,58,1,6
32,1,0,6
32,62,1,6
32,12,1,5
32,59,1,7
32,41,0,6
32,45,1,7
32,84,0,7
32,76,1,5
32,89,1,4
32,94,1,6
32,16,1,7
32,37,0,5
32,44,1,5
32,31,0,4
32,9,1,4
32,38,1,4
32,86,1,7
32,7,1,7
32,23,0,7
32,65,1,10
32,15,1,4
32,99,0,10
32,30,1,7
32,95,0,5
32,69,1,6
32,56,1,5
32,78,1,7
33,49,1,6
33,55,1,5
33,47,1,4
33,79,1,5
33,89,1,7
33,94,0,6
33,48,1,6
33,78,1,8
33,4,1,5
33,32,0,8
33,40,1,5
33,24,0,6
33,30,1,5
33,98,1,7
33,28,1,6
33,50,1,4
33,51,1,8
33,27,0,5
33,33,0,5
33,41,1,4
33,2,1,7
33,42,1,4
33,44,1,5
34,43,0,4
34,90,0,6
34,95,1,5
34,13,1,7
34,54,1,7
34,84,1,6
34,71,0,6
34,68,1,4
34,29,1,8
34,81,1,9
34,9,1,5
34,10,1,6
34,48,1,8
34,14,1,7
34,86,1,6
34,57,1,5
34,91,0,7
34,21,1,5
34,20,1,6
34,28,1,5
34,41,1,6
34,35,1,6
34,6,1,6
34,64,1,9
34,85,1,8
35,73,1,7
35,16,0,4
35,22,0,4
35,33,1,7
35,87,1,6
35,34,1,7
35,55,0,7
35,89,1,4
35,58,0,7
35,43,0,7
35,61,0,7
35,56,0,6
35,82,0,6
35,31,1,5
35,51,1,5
36,47,0,7
36,22,1,4
36,49,0,5
36,59,0,4
36,40,0,6
36,68,0,7
36,17,0,7
36,19,0,7
36,30,0,7
36,55,0,5
36,1,0,5
36,83,0,7
36,50,0,6
36,18,0,5
36,63,0,6
36,57,0,6
36,84,0,6
36,25,0,6
36,14,0,8
36,21,0,6
36,91,0,8
36,92,0,5
36,52,0,7
36,54,1,7
36,10,0,6
36,61,0,8
36,69,0,8
36,89,1,5
36,80,0,9
36,26,0,5
36,56,0,5
36,29,0,4
37,99,1,8
37,42,1,6
37,22,1,4
37,51,1,5
37,89,0,8
37,53,1,7
37,84,1,7
37,96,1,5
37,56,1,7
37,4,1,7
38,50,0,5
38,26,0,6
38,98,0,6
38,56,0,7
38,16,0,8
38,51,0,6
38,8,0,5
38,73,0,9
38,67,0,8
38,13,0,7
38,75,0,4
38,59,0,8
38,78,0,8
38,52,0,5
38,92,0,6
38,68,0,6
38,84,0,5
38,64,0,7
38,57,0,8
38,34,0,6
38,86,0,8
38,32,0,5
38,96,0,6
38,99,0,8
38,76,0,6
38,0,0,6
38,85,0,10
38,79,0,9
38,72,0,6
38,55,0,5
38,62,0,7
39,17,1,4
39,24,1,7
39,21,1,8
39,83,1,5
39,10,1,5
39,57,1,6
39,94,1,5
39,59,1,5
39,35,0,6
39,46,1,6
39,77,1,9
39,84,1,6
39,3,1,4
39,56,1,8
39,66,1,7
39,44,1,7
39,72,1,7
39,15,0,6
39,52,0,7
39,87,0,7
39,90,1,6
39,32,1,6
39,26,1,4
39,86,1,6
39,93,1,5
39,13,1,6
39,48,1,7
39,22,1,5
39,82,1,6
39,81,1,7
39,74,1,8
39,19,1,7
39,11,1,5
39,7,1,8
39,36,1,5
39,71,1,7
39,99,1,9
39,2,1,5
40,49,1,7
40,46,1,7
40,37,1,7
40,44,1,6
40,32,1,8
40,95,0,7
40,56,1,7
40,64,1,8
40,63,1,10
40,0,1,6
40,80,0,7
40,7,1,8
40,10,0,4
40,26,0,6
40,30,1,7
40,41,1,7
40,50,0,5
40,93,1,5
40,88,0,6
40,19,1,6
40,16,1,6
40,3,1,4
40,11,0,4
41,54,1,5
41,23,1,7
41,30,1,7
41,58,0,7
41,88,0,6
41,52,0,7
41,80,0,8
41,82,1,7
41,10,1,5
41,36,1,6
41,38,1,3
41,35,1,4
42,39,1,7
42,79,0,8
42,27,1,6
42,40,1,7
42,22,1,5
42,21,0,5
42,77,0,8
42,26,1,4
42,8,0,6
42,31,0,5
42,6,0,5
42,16,0,6
42,42,1,5
42,90,0,5
42,80,1,9
42,32,0,5
42,54,0,5
42,74,0,6
42,4,0,6
42,19,1,7
42,62,0,5
42,87,1,6
42,38,0,6
42,59,1,7
42,98,1,9
42,67,0,6
42,94,1,8
42,72,0,6
42,76,1,4
42,44,1,7
42,7,0,6
42,23,1,4
42,81,1,8
42,18,0,5
43,8,1,5
43,0,1,6
43,42,1,7
43,71,1,6
43,20,1,6
43,82,1,7
43,4,1,7
43,39,0,5
43,64,1,5
43,93,1,6
43,13,1,5
43,51,1,7
43,52,1,8
43,10,1,7
43,67,1,7
43,12,1,6
43,28,1,7
43,41,1,7
43,17,1,5
43,88,1,7
43,9,0,7
43,98,1,6
43,6,1,6
43,56,1,5
43,70,1,6
44,32,1,7
44,1,0,6
44,29,1,6
44,50,1,5
44,61,1,7
44,70,1,6
44,3,1,6
44,23,1,6
44,76,1,5
44,64,0,6
44,94,1,6
44,59,0,4
44,19,1,8
44,67,1,8
44,77,1,9
44,46,1,4
44,89,1,8
44,18,1,7
44,13,1,7
44,84,1,7
44,36,1,6
44,96,1,8
44,20,1,6
44,81,1,5
44,66,1,8
44,82,1,7
44,37,1,5
44,63,1,7
45,96,1,8
45,48,1,5
45,65,1,8
45,43,1,7
45,92,1,5
45,49,0,7
45,5,0,6
45,72,0,7
45,91,0,6
45,56,1,6
45,69,0,7
45,79,0,8
45,23,0,7
45,28,0,5
45,66,0,5
45,52,1,7
45,94,1,5
45,4,1,5
45,75,1,6
45,36,1,5
45,55,1,6
45,68,0,6
45,15,1,5
45,60,1,6
45,9,1,5
45,7,1,4
45,24,1,5
45,57,1,7
45,67,1,9
45,8,0,6
45,77,1,10
46,44,1,6
46,45,1,9
46,99,1,8
46,57,1,6
46,0,1,5
46,75,1,7
46,31,0,6
46,58,1,6
46,39,1,4
46,14,1,9
46,79,1,6
46,95,0,7
46,28,1,5
46,17,1,5
46,36,1,5
46,70,1,8
46,85,1,7
46,55,1,6
46,74,1,6
47,86,0,7
47,30,0,6
47,9,0,6
47,83,0,7
47,49,0,8
47,93,0,4
47,18,0,6
47,97,0,8
47,77,1,6
47,10,0,5
47,31,1,7
47,23,0,3
47,16,0,7
47,38,1,4
47,99,0,6
48,4,1,6
48,45,1,8
48,61,1,8
48,30,1,5
48,96,1,6
48,26,1,4
48,16,1,7
48,8,1,5
48,55,1,6
48,2,1,5
48,27,1,7
49,98,0,6
49,42,0,7
49,97,0,8
49,61,0,5
49,80,0,7
49,5,0,5
49,17,0,5
49,19,0,4
49,60,0,9
49,56,0,7
49,53,0,7
49,76,0,6
49,84,0,5
49,88,1,8
49,89,1,5
49,41,0,4
49,21,0,6
49,7,0,5
49,14,0,6
49,57,0,8
49,39,0,5
49,67,1,9
49,2,0,7
49,15,0,4
49,32,0,6
49,44,1,7
49,30,0,7
49,73,0,10
49,68,0,7
49,51,1,7
49,94,0,4
49,28,0,5
50,26,1,8
50,61,0,8
50,17,0,5
50,20,1,6
50,14,0,6
50,86,1,7
50,50,1,6
50,66,0,5
50,81,0,7
50,28,0,7
50,2,1,7
50,46,0,6
50,38,1,5
50,43,0,8
50,76,0,7
50,57,0,5
50,93,1,5
50,8,0,5
50,98,1,9
50,5,0,5
50,58,0,4
50,54,1,7
50,1,0,5
50,42,0,6
50,52,0,6
50,96,1,5
51,62,1,9
51,18,1,6
51,28,1,3
51,64,0,8
51,11,1,6
51,39,1,6
51,8,1,4
51,95,0,7
51,87,0,8
51,37,1,4
51,12,0,8
51,42,1,6
51,74,0,8
51,36,0,5
51,49,1,6
51,99,1,7
51,58,1,6
51,67,1,8
51,61,1,8
51,88,1,5
51,7,0,5
51,66,1,8
51,25,1,4
51,56,1,8
51,38,1,6
51,98,0,8
51,2,0,5
51,85,1,10
51,70,1,7
51,52,1,8
51,93,1,7
51,30,0,5
51,26,1,7
51,63,1,6
51,90,0,4
51,47,1,5
51,9,1,5
51,97,1,8
52,0,1,6
52,72,1,7
52,42,1,5
52,81,1,7
52,58,0,5
52,65,0,8
52,8,1,4
52,93,1,5
52,60,1,7
52,76,1,6
52,43,0,7
52,23,1,4
52,5,1,5
52,12,1,7
52,9,1,6
52,24,1,4
52,13,1,5
52,75,1,8
52,34,1,8
52,74,1,7
52,90,1,5
52,96,1,5
52,31,1,6
52,2,1,7
52,10,0,6
52,78,1,9
52,63,1,8
52,22,1,6
52,86,1,6
52,26,1,6
52,19,1,6
52,70,1,8
52,55,0,7
52,11,1,5
52,36,1,7
52,37,0,6
52,87,1,4
52,85,1,6
53,15,1,5
53,82,0,7
53,42,0,7
53,81,0,6
53,94,0,7
53,31,0,4
53,16,0,7
53,46,1,5
53,93,0,7
53,95,0,6
53,91,0,6
53,52,0,6
54,42,0,4
54,4,0,7
54,56,0,6
54,49,0,6
54,52,0,9
54,2,1,6
54,29,0,6
54,58,0,5
54,93,0,5
54,74,0,6
54,64,0,7
54,0,0,7
54,87,1,6
54,65,1,7
54,57,0,6
54,26,0,4
54,24,0,7
55,89,1,6
55,55,1,5
55,96,0,5
55,1,1,7
55,11,1,5
55,0,1,7
55,44,1,6
55,15,1,7
55,88,1,6
55,21,0,5
55,17,1,5
55,66,1,6
55,30,1,5
55,7,1,6
55,50,1,6
55,52,0,5
55,9,0,4
55,6,1,6
55,48,1,5
55,27,1,6
55,13,1,5
55,77,1,7
56,11,1,7
56,25,1,6
56,67,1,9
56,96,1,7
56,94,1,6
56,66,1,7
56,45,0,6
56,98,0,9
56,42,1,7
56,0,1,6
56,55,1,6
56,35,1,6
56,84,0,6
56,8,1,5
56,76,1,6
56,78,1,8
56,58,1,5
56,16,1,6
56,14,0,5
56,65,1,7
56,4,1,7
56,36,1,8
56,23,1,6
56,39,1,4
56,51,1,8
56,71,1,6
56,9,1,4
56,72,1,6
56,53,1,5
56,17,1,5
56,34,1,5
56,60,0,8
56,57,0,7
56,21,0,6
57,23,1,7
57,71,1,4
57,67,1,7
57,81,0,7
57,43,1,4
57,82,1,9
57,24,0,7
57,58,1,6
57,72,1,4
57,29,1,6
57,31,1,5
57,64,1,6
57,13,1,4
57,38,1,6
57,74,1,7
57,75,1,7
57,42,0,6
57,53,1,8
57,54,0,4
57,3,1,6
57,16,1,6
57,66,1,9
57,93,0,5
57,52,1,5
57,84,1,5
57,48,1,7
57,27,1,8
57,61,0,6
58,60,0,5
58,61,1,7
58,13,0,7
58,41,0,5
58,67,0,9
58,97,0,7
58,81,0,11
58,47,1,4
58,35,1,4
58,68,0,5
58,86,0,9
58,26,0,6
58,78,1,7
58,98,0,7
58,8,1,7
58,87,0,7
58,52,1,5
58,22,1,7
58,64,0,6
58,65,0,7
58,44,1,6
58,40,0,6
58,37,0,6
58,82,1,5
58,2,0,6
58,85,1,6
58,9,0,7
58,84,0,5
58,42,0,7
58,91,1,7
58,14,0,7
59,17,0,4
59,87,0,6
59,48,0,7
59,13,0,6
59,60,0,7
59,7,0,7
59,44,0,5
59,26,0,6
59,30,0,8
59,24,0,5
59,50,0,5
59,86,0,8
59,29,0,7
59,53,0,6
59,98,0,8
59,56,0,6
59,99,0,6
59,22,0,4
59,78,0,10
59,8,1,5
59,58,1,8
59,28,0,6
59,83,0,9
59,42,0,6
59,76,0,6
59,1,0,7
59,84,1,6
59,93,0,6
59,27,0,5
60,97,0,7
60,13,1,5
60,32,1,6
60,64,0,5
60,58,1,8
60,89,0,6
60,60,0,7
60,57,1,5
60,67,1,10
60,45,1,9
60,38,0,5
60,1,1,5
60,48,0,8
60,17,1,5
60,63,0,7
60,81,0,5
60,83,1,8
60,51,0,5
60,94,1,6
60,74,0,7
60,47,0,7
60,15,1,7
60,43,1,5
60,42,1,7
60,82,1,6
60,96,0,5
60,95,0,4
60,66,1,8
60,33,0,5
60,56,1,7
60,25,1,7
60,23,1,6
60,72,1,6
60,26,1,7
60,14,1,8
60,61,1,8
60,2,0,7
60,37,1,4
61,70,0,8
61,44,0,7
61,15,0,5
61,45,0,6
61,73,0,10
61,88,0,8
61,67,0,11
61,1,0,6
61,51,0,9
61,32,0,7
61,92,1,6
61,54,0,5
61,68,0,4
61,76,0,5
61,17,1,6
61,53,0,8
61,38,0,6
61,83,0,8
61,35,0,5
61,80,0,7
61,64,0,6
62,91,1,7
62,7,0,6
62,34,0,4
62,79,0,6
62,35,1,5
62,64,0,9
62,54,0,5
62,13,0,5
62,81,0,10
62,84,0,5
62,89,0,6
62,19,0,5
62,83,0,8
62,50,0,6
62,0,0,6
62,60,0,7
62,95,0,5
62,4,1,7
62,37,0,3
62,80,1,7
62,28,0,4
63,47,1,5
63,65,1,4
63,78,0,8
63,79,0,7
63,33,1,7
63,50,1,7
63,82,0,6
63,92,1,4
63,26,0,7
63,48,0,6
63,17,0,5
63,51,1,4
63,70,0,6
63,64,0,7
63,4,1,7
63,74,1,7
63,45,1,8
63,7,1,6
63,27,0,7
63,43,0,7
63,12,0,6
63,75,0,7
63,55,0,7
63,36,0,6
63,66,1,8
63,10,1,5
63,59,1,6
63,21,0,7
63,42,1,6
63,19,1,5
63,67,0,8
63,84,0,6
63,46,1,7
63,72,1,7
63,32,0,7
63,14,0,4
63,39,1,5
64,63,1,11
64,58,1,5
64,24,1,5
64,41,1,7
64,27,0,8
64,16,0,7
64,92,1,4
64,71,1,6
64,47,1,6
64,52,1,5
64,78,0,10
64,49,0,7
64,66,0,6
64,89,1,5
64,65,1,7
65,48,1,6
65,71,0,4
65,98,0,6
65,42,0,4
65,95,1,6
65,58,0,7
65,68,0,6
65,43,1,6
65,55,0,4
65,75,0,6
65,11,1,4
65,80,0,10
65,26,0,7
65,89,0,6
65,66,1,6
65,70,0,7
65,93,1,5
65,10,0,5
65,4,0,7
65,30,1,6
65,51,1,7
65,63,1,6
65,5,1,4
65,44,1,6
65,20,1,5
65,12,1,6
65,13,1,6
65,79,1,8
65,22,1,7
65,33,1,4
66,65,1,10
66,56,1,7
66,53,1,5
66,22,0,6
66,94,1,4
66,21,1,5
66,74,1,7
66,86,1,5
66,13,1,6
66,28,0,4
66,38,1,4
66,68,1,6
66,76,1,7
66,55,1,5
66,60,1,9
66,15,1,4
66,1,1,4
66,29,1,6
66,33,0,4
66,93,1,7
66,78,1,10
66,96,1,7
66,46,0,4
66,88,1,8
66,47,1,5
66,12,0,4
66,69,1,6
66,77,1,8
66,34,1,6
66,36,1,5
66,17,1,4
66,18,1,5
66,32,1,5
66,97,1,7
66,99,1,7
66,85,1,8
66,59,1,6
67,22,1,6
67,50,0,6
67,72,0,7
67,16,1,6
67,57,0,7
67,97,0,7
67,8,0,5
67,74,0,5
67,25,1,6
67,92,0,4
67,94,1,7
67,30,1,5
67,17,1,5
67,32,0,5
67,0,0,6
67,27,1,8
67,77,0,6
67,12,1,5
67,85,0,8
67,60,1,6
67,86,0,6
67,83,1,7
67,31,0,5
67,41,0,6
68,18,0,7
68,25,1,6
68,92,1,4
68,15,0,6
68,29,0,6
68,61,1,7
68,81,1,8
68,35,0,4
68,4,0,6
68,66,0,9
68,93,0,6
68,99,0,9
68,60,0,9
68,69,0,6
68,3,1,4
68,5,0,7
68,70,0,4
68,46,0,6
68,48,1,7
68,74,1,8
68,79,1,6
68,28,1,6
68,10,0,4
68,30,1,7
68,97,1,6
68,24,1,6
68,56,1,8
68,11,1,6
68,84,0,7
68,32,1,6
68,54,0,4
69,26,0,5
69,31,0,4
69,86,1,4
69,48,0,7
69,77,0,9
69,75,0,6
69,57,1,7
69,79,0,7
69,85,0,8
69,50,1,7
69,90,1,4
70,25,0,7
70,19,0,6
70,31,1,6
70,91,1,6
70,74,1,5
70,79,1,6
70,0,1,6
70,77,0,6
70,15,0,5
70,22,1,5
70,99,0,8
70,69,0,5
70,78,0,10
70,54,0,6
70,60,0,6
70,8,0,3
70,37,1,6
70,80,0,10
70,45,1,6
70,88,0,7
70,65,0,6
70,81,0,6
70,55,0,8
70,85,1,9
70,94,0,7
70,26,0,7
70,47,0,6
70,39,0,7
70,32,0,7
70,16,1,7
70,10,0,7
70,96,1,8
70,48,1,7
70,67,0,10
70,30,0,7
70,41,0,7
70,42,0,7
70,95,0,7
70,51,0,5
70,59,0,8
71,27,0,6
71,44,1,7
71,89,0,7
71,41,1,7
71,35,1,7
71,55,0,6
71,1,0,5
71,62,1,5
71,98,1,10
71,10,1,5
71,7,1,7
71,61,1,8
71,88,1,6
71,72,0,5
71,67,1,8
71,97,0,7
71,95,0,5
71,57,1,7
71,4,1,6
71,3,0,6
71,36,1,5
72,71,0,6
72,63,1,8
72,55,0,6
72,85,0,9
72,28,0,6
72,52,1,8
72,18,0,5
72,76,1,8
72,51,0,6
72,93,1,5
72,4,0,5
72,17,1,4
72,72,1,5
72,99,0,7
72,19,1,6
72,49,0,7
72,97,0,7
72,95,1,5
72,74,0,7
72,16,0,7
72,37,0,6
72,84,1,6
72,89,0,6
72,50,1,5
72,7,1,6
73,11,0,6
73,68,0,5
73,81,0,10
73,89,0,7
73,60,1,9
73,53,0,5
73,20,1,6
73,32,0,4
73,98,0,9
73,54,0,7
73,19,0,6
73,55,1,5
73,88,1,5
73,1,1,6
73,72,0,7
73,86,0,9
73,45,0,7
73,91,0,7
73,3,0,7
73,69,0,7
73,64,0,7
73,51,0,8
73,10,1,6
73,48,0,5
73,95,1,6
73,15,0,4
73,28,0,4
73,27,0,5
73,67,0,7
73,39,0,3
73,75,0,6
73,12,0,6
73,85,1,7
74,35,0,6
74,1,0,6
74,78,0,8
74,84,1,6
74,8,0,4
74,44,1,8
74,58,1,7
74,70,1,8
74,74,1,8
74,56,0,5
74,68,1,6
74,38,1,3
74,81,0,8
74,17,1,7
74,12,0,5
74,95,1,5
74,69,1,5
74,25,0,6
74,79,0,7
74,16,1,6
74,50,0,7
74,10,0,5
74,9,1,6
74,59,0,7
74,61,1,8
75,89,0,7
75,17,1,5
75,57,0,6
75,26,0,6
75,60,0,8
75,33,1,4
75,99,0,8
75,18,1,6
75,15,0,6
75,97,1,7
75,30,0,6
75,85,1,9
75,77,0,11
75,69,0,6
75,72,0,4
75,94,0,5
75,35,0,7
75,3,1,6
75,20,0,8
75,90,0,5
75,71,0,7
75,2,0,7
75,46,0,4
75,29,0,9
75,82,0,9
75,25,0,7
76,41,0,6
76,94,0,5
76,35,1,5
76,31,0,7
76,98,0,9
76,26,0,6
76,89,0,6
76,88,0,8
76,13,0,8
76,81,0,9
76,90,0,3
76,8,0,7
76,51,0,6
76,19,0,7
76,91,0,6
76,54,0,7
76,2,0,7
76,36,0,7
76,52,0,8
76,76,0,8
76,24,0,6
76,66,0,5
76,30,0,6
76,68,0,8
76,72,0,6
76,63,0,7
76,53,0,7
76,64,0,9
76,47,0,5
76,39,0,7
77,86,0,7
77,43,0,7
77,95,0,7
77,3,0,5
77,47,1,7
77,29,0,5
77,0,1,5
77,9,0,6
77,54,0,7
77,13,0,5
77,81,0,9
77,84,0,4
77,92,0,4
77,38,1,4
77,45,0,9
77,77,1,8
77,85,0,11
77,32,1,6
77,12,0,5
77,22,1,8
77,20,0,4
77,60,1,10
77,58,0,6
77,8,0,7
77,57,0,5
77,78,0,8
77,6,1,6
77,34,0,4
77,4,1,5
77,75,0,4
78,27,1,6
78,29,0,7
78,34,1,6
78,24,0,5
78,35,1,6
78,17,1,5
78,78,1,8
78,93,0,6
78,13,1,5
78,57,0,5
78,16,1,6
78,97,0,6
78,30,0,5
79,75,0,6
79,6,0,6
79,50,0,7
79,58,1,7
79,72,0,6
79,0,0,6
79,18,0,6
79,32,0,6
79,11,0,6
79,19,0,7
79,27,0,6
79,81,0,8
79,60,0,7
79,9,0,5
79,91,0,5
79,62,1,7
79,38,0,5
79,63,0,9
79,98,0,5
79,1,0,5
79,7,0,7
79,34,0,5
79,2,0,7
79,57,0,6
79,26,0,7
79,70,0,8
79,95,0,5
79,77,0,8
79,97,0,6
79,73,0,8
79,99,0,8
79,61,0,7
79,96,0,6
79,80,1,7
79,87,0,7
80,13,1,7
80,88,1,7
80,60,1,7
80,84,0,5
80,54,1,5
80,36,0,4
80,80,0,5
80,65,0,5
80,41,1,7
80,31,1,6
80,7,0,6
80,57,0,6
80,44,1,7
80,5,1,6
80,17,1,5
81,7,0,6
81,59,0,6
81,92,1,5
81,19,0,5
81,47,0,4
81,51,0,8
81,77,0,10
81,68,0,5
81,69,0,6
81,41,0,4
81,49,0,8
81,54,0,7
81,63,0,8
81,57,0,5
81,11,0,4
81,30,0,7
81,93,1,5
81,79,0,8
81,87,0,5
82,59,0,6
82,58,0,5
82,86,0,4
82,31,1,5
82,0,1,6
82,4,0,5
82,54,1,6
82,85,1,9
82,50,0,5
82,20,1,6
82,17,1,5
82,37,0,4
82,33,1,6
82,87,1,7
82,90,1,4
82,6,1,6
82,16,1,9
82,57,1,6
82,99,0,8
82,10,1,6
82,25,0,7
82,3,1,6
82,96,1,6
82,65,1,7
82,29,1,6
82,1,0,5
82,2,1,5
82,66,1,6
82,14,0,7
82,8,1,6
82,79,1,6
82,76,1,6
82,42,1,6
82,77,0,10
82,72,0,5
82,97,1,6
82,43,1,8
83,62,0,9
83,66,0,6
83,27,0,6
83,95,0,6
83,45,0,7
83,74,0,8
83,23,0,6
83,35,1,4
83,75,0,7
83,55,0,6
83,2,0,7
83,30,0,4
83,72,0,5
83,89,0,7
83,39,1,5
83,0,0,6
83,84,0,5
83,83,0,8
83,98,0,7
83,79,0,5
83,40,0,6
83,97,0,7
83,6,0,7
83,8,0,6
83,96,0,4
83,94,0,7
83,13,0,6
83,67,0,9
83,25,0,6
83,21,0,5
83,99,0,9
83,46,0,7
83,77,0,6
84,59,0,6
84,28,1,6
84,13,1,7
84,80,1,9
84,58,1,6
84,20,1,6
84,15,1,4
84,71,1,5
84,55,1,6
84,50,1,6
84,21,1,6
84,89,0,6
84,70,1,9
84,27,1,6
84,45,0,9
84,72,0,4
84,97,1,6
84,65,1,7
84,62,1,5
84,32,0,8
84,5,1,6
84,61,1,9
84,91,1,7
84,86,1,4
84,75,1,8
84,19,0,6
84,29,1,5
84,40,1,7
84,17,1,5
84,47,1,5
84,4,1,5
84,90,1,6
84,73,0,7
84,14,1,7
84,77,1,10
84,98,1,7
84,49,1,6
85,83,0,6
85,35,0,4
85,85,0,8
85,19,0,5
85,33,0,4
85,30,0,7
85,55,0,5
85,77,0,8
85,31,0,7
85,69,0,9
85,70,0,6
85,8,0,5
86,50,0,6
86,49,1,7
86,68,0,6
86,1,1,5
86,70,0,7
86,26,1,5
86,95,1,7
86,36,1,6
86,48,1,7
86,34,1,6
86,13,1,6
86,37,0,5
86,7,0,5
86,11,0,5
86,65,1,9
86,38,0,6
86,54,0,5
86,46,1,6
86,80,1,7
86,58,0,6
86,4,0,8
86,41,1,8
86,43,0,7
86,87,1,6
86,91,1,7
86,83,0,6
86,64,1,8
86,88,1,5
86,85,1,9
86,92,1,7
86,0,1,7
86,81,1,7
86,25,0,7
86,75,1,8
86,27,1,6
86,90,0,5
86,28,0,6
86,32,1,7
86,99,0,8
87,87,1,7
87,42,1,4
87,95,0,7
87,47,1,5
87,32,1,6
87,8,0,7
87,20,1,4
87,54,1,7
87,23,0,6
87,0,1,7
87,34,1,7
87,75,1,6
87,71,0,8
87,30,1,7
88,58,1,7
88,12,0,4
88,86,0,7
88,2,0,6
88,54,0,6
88,19,1,5
88,39,0,5
88,3,1,3
88,20,0,5
88,22,0,7
88,37,1,4
88,51,1,6
88,44,1,7
88,40,1,5
88,79,0,7
88,87,0,6
88,46,0,6
88,98,0,7
88,18,0,7
88,96,0,5
89,60,0,8
89,39,0,4
89,82,0,8
89,96,0,5
89,17,0,5
89,58,0,6
89,77,1,12
89,5,0,5
89,26,0,6
89,69,0,9
89,85,1,7
89,16,0,6
89,92,0,5
89,36,0,5
89,11,0,4
89,50,0,6
89,47,0,6
89,27,0,6
89,73,0,8
89,22,0,5
89,51,0,9
89,74,0,5
89,57,0,5
89,18,1,7
89,48,0,7
90,4,1,8
90,68,1,5
90,34,1,7
90,23,1,5
90,30,1,5
90,28,1,6
90,54,1,7
90,6,1,6
90,55,1,6
90,78,1,11
90,2,1,7
90,10,1,6
90,76,1,6
90,27,1,5
90,71,1,5
90,89,1,4
90,72,1,7
90,40,1,6
90,45,1,10
90,41,1,7
90,43,1,6
90,61,1,7
91,31,0,5
91,39,1,6
91,34,1,5
91,11,1,5
91,54,0,7
91,4,1,4
91,12,1,7
91,83,0,9
91,40,1,6
91,58,1,6
91,60,0,9
91,8,1,5
92,7,1,8
92,58,1,5
92,60,0,8
92,30,0,7
92,45,0,9
92,49,0,5
92,4,0,4
92,1,0,6
92,35,1,4
92,80,0,9
92,61,1,8
92,96,0,7
92,6,0,6
92,27,0,6
92,67,1,10
92,8,0,5
92,76,0,5
92,56,0,7
92,47,1,5
92,42,0,5
92,57,0,6
92,74,0,7
92,23,0,7
92,69,0,9
92,28,0,4
92,84,0,5
92,37,0,6
92,17,0,4
92,33,0,4
92,78,0,10
92,40,0,8
92,54,0,4
92,79,0,6
92,98,0,7
92,53,0,5
92,81,0,8
93,52,0,7
93,16,0,7
93,89,0,5
93,17,0,7
93,97,0,6
93,64,0,8
93,80,0,6
93,69,0,7
93,44,0,7
93,28,1,5
93,12,0,5
93,90,0,4
93,53,0,7
93,51,0,5
93,3,0,7
93,30,0,5
93,76,0,8
93,10,0,5
93,55,0,7
93,70,0,7
93,7,0,5
93,94,0,5
94,76,0,7
94,52,0,8
94,69,1,9
94,88,0,7
94,14,1,6
94,99,0,10
94,95,0,5
94,96,1,6
94,60,1,7
94,55,0,6
94,51,0,7
94,37,1,4
94,24,0,5
94,29,0,8
94,12,0,7
94,10,0,6
94,16,1,8
94,32,0,8
94,47,1,5
94,50,0,5
94,89,0,8
94,66,1,7
94,67,0,8
94,70,0,5
94,82,0,7
94,27,1,7
94,75,0,5
94,94,0,7
94,83,1,7
94,80,0,6
95,36,1,7
95,21,0,7
95,29,1,9
95,85,1,7
95,64,1,9
95,41,0,6
95,46,1,5
95,88,1,5
95,7,1,5
95,96,0,7
95,78,1,8
95,77,0,9
95,47,0,5
95,80,1,8
95,55,1,6
95,58,1,9
95,65,1,9
95,91,1,7
95,39,1,6
95,59,1,6
95,67,1,9
95,3,0,5
95,38,1,7
95,90,0,6
95,69,1,8
95,93,0,6
95,0,1,7
95,2,1,4
95,75,1,6
95,22,0,6
95,30,0,4
95,76,1,8
95,4,1,6
95,35,1,4
96,91,0,6
96,13,0,3
96,19,0,7
96,74,0,8
96,57,0,5
96,16,0,6
96,90,0,5
96,14,0,6
96,39,0,3
96,45,0,5
96,88,0,5
96,63,0,7
97,44,0,4
97,79,0,9
97,94,0,6
97,35,0,6
97,6,0,6
97,64,0,6
97,95,0,6
97,5,0,7
97,48,0,6
97,50,0,6
97,51,0,7
97,73,1,6
97,53,0,5
97,11,0,6
97,25,0,7
97,55,0,7
97,72,0,7
97,9,0,4
97,57,0,5
97,41,0,6
97,13,0,4
97,81,0,10
97,84,0,7
97,4,0,7
97,18,0,6
97,17,0,7
97,16,1,7
97,90,0,7
97,22,0,6
97,61,0,6
97,10,0,4
98,61,1,10
98,81,1,5
98,91,0,4
98,83,1,10
98,9,0,5
98,40,1,4
98,46,1,6
98,55,1,4
98,33,1,4
98,70,1,8
98,66,1,6
98,20,1,4
98,58,1,4
98,98,1,6
98,10,1,6
98,3,1,6
98,36,1,7
98,38,1,4
98,14,1,7
98,50,1,6
98,30,1,6
98,35,1,5
98,64,1,7
99,51,0,6
99,47,1,5
99,66,0,7
99,12,0,7
99,75,0,8
99,17,0,5
99,71,0,5
99,25,0,6
99,44,0,7
99,7,0,7
99,65,0,6
99,15,0,4
99,93,1,6
99,14,0,7
99,78,0,8
99,41,0,7
99,80,0,6
99,11,1,5
99,99,0,8
99,96,0,6
99,62,1,8
99,59,1,7
99,70,0,8
99,32,0,8
99,97,0,6
99,86,1,4
99,67,0,8
99,72,0,7
99,42,0,5
99,34,0,8
99,82,0,6
99,64,0,8
100,0,1,6
100,24,1,6
100,52,1,6
100,34,1,7
100,30,1,7
100,73,1,9
100,4,0,5
100,33,1,6
100,58,1,6
100,21,1,5
100,1,1,6
100,71,0,6
100,38,1,6
101,71,0,7
101,21,0,6
101,63,0,10
101,59,0,6
101,50,0,5
101,99,0,7
101,58,0,5
101,19,0,4
101,81,0,8
101,78,0,11
101,72,0,4
101,73,0,10
101,12,0,5
102,3,1,5
102,92,1,5
102,71,1,7
102,94,1,6
102,57,1,6
102,45,0,7
102,63,1,6
102,58,1,5
102,85,1,9
102,88,1,8
102,42,1,5
102,78,1,8
102,90,1,4
102,31,1,7
102,70,1,7
102,93,1,5
102,53,1,8
102,86,1,8
102,24,1,7
102,8,1,6
102,17,1,4
102,0,1,7
102,97,1,8
102,12,1,6
102,51,1,5
102,47,1,5
102,82,1,4
102,33,1,6
102,36,1,6
102,96,1,6
102,32,1,5
102,25,1,7
102,43,1,5
102,11,1,5
102,6,1,7
102,7,1,7
102,72,1,6
102,73,1,9
102,20,1,6
103,69,0,8
103,81,0,7
103,53,0,7
103,79,0,6
103,83,0,9
103,64,1,7
103,35,0,5
103,61,0,9
103,62,0,9
103,97,0,5
103,56,0,8
103,92,0,6
103,14,0,4
103,58,1,6
103,50,0,5
103,65,0,8
103,75,0,8
103,93,0,6
103,98,1,10
104,76,0,6
104,93,1,5
104,19,0,7
104,42,0,7
104,2,1,6
104,90,0,4
104,9,0,7
104,56,0,8
104,91,1,6
104,35,0,4
104,78,1,6
104,69,1,4
104,4,0,4
104,64,1,9
104,98,0,9
104,31,0,5
104,49,0,7
104,24,1,5
104,51,1,6
104,63,1,8
104,39,0,4
104,52,1,5
104,10,1,5
104,21,0,5
104,74,0,8
104,61,1,6
104,18,0,8
104,16,0,4
104,36,0,4
104,0,0,5
105,47,1,6
105,9,1,7
105,13,0,4
105,17,0,5
105,80,0,9
105,68,1,5
105,69,1,6
105,19,0,6
105,37,1,4
105,3,1,6
105,77,1,9
105,7,1,6
105,15,0,5
105,70,1,6
105,26,0,8
105,59,1,6
105,62,0,6
105,95,0,7
105,93,0,6
105,5,1,5
105,76,0,6
105,43,1,6
105,31,0,6
105,74,1,5
105,29,1,7
105,24,1,5
105,45,1,9
105,18,0,5
105,73,1,10
105,35,1,5
105,4,0,6
105,1,1,5
105,55,0,6
105,30,1,7
105,48,0,5
106,48,1,7
106,57,1,5
106,89,1,5
106,92,1,5
106,20,1,6
106,28,1,5
106,52,1,6
106,87,1,9
106,30,1,8
106,25,1,6
107,92,0,5
107,57,0,6
107,76,0,6
107,41,0,5
107,32,0,6
107,83,0,7
107,74,0,7
107,88,0,6
107,33,0,5
107,79,0,6
107,12,0,6
107,99,0,10
107,3,0,5
107,34,0,7
107,52,0,8
107,20,0,6
107,43,0,8
107,2,0,6
107,26,0,7
107,38,0,5
107,85,0,10
107,67,0,7
107,75,0,6
107,56,0,6
107,18,0,4
107,65,0,6
107,44,0,8
108,71,0,4
108,51,0,7
108,22,0,8
108,53,0,4
108,61,0,9
108,31,0,5
108,52,0,6
108,59,0,5
108,92,0,4
108,26,0,4
108,41,0,6
109,89,1,8
109,70,0,6
109,31,1,5
109,53,0,5
109,14,0,6
109,90,1,5
109,38,0,4
109,81,0,6
109,4,0,6
109,75,0,4
109,33,0,6
109,18,1,6
110,58,0,7
110,76,0,6
110,63,0,7
110,56,0,6
110,29,0,7
110,25,0,7
110,30,0,6
110,50,0,7
110,81,0,8
110,15,0,6
110,46,0,7
110,82,0,6
110,17,0,6
110,69,0,7
110,44,0,4
110,20,0,5
110,92,0,7
110,3,0,6
110,10,0,4
110,97,0,6
110,99,0,11
110,85,0,7
110,73,0,9
110,39,0,8
110,26,0,5
110,9,0,5
110,11,0,3
110,86,0,8
111,87,0,7
111,0,0,7
111,22,0,5
111,11,0,6
111,80,0,9
111,4,0,6
111,85,0,9
111,66,0,6
111,96,0,4
111,27,0,9
111,47,0,7
111,53,0,4
111,31,0,6
111,10,0,5
111,70,0,7
111,61,1,5
111,17,0,5
111,74,0,8
111,55,0,7
111,23,1,6
111,65,0,8
111,21,0,7
111,99,0,6
111,52,0,6
111,84,0,7
111,20,1,4
111,94,0,5
111,69,0,4
111,28,0,6
111,67,1,9
111,46,0,5
111,12,1,4
111,18,0,7
111,39,1,5
111,43,0,5
111,93,0,4
112,34,1,7
112,10,0,7
112,77,0,10
112,75,1,7
112,46,0,7
112,27,0,6
112,28,0,6
112,37,0,3
112,91,1,7
112,36,0,6
112,66,1,5
112,30,0,7
112,25,0,4
112,16,0,7
112,26,1,5
112,86,0,7
112,67,0,11
112,4,1,6
112,96,0,6
112,47,1,7
112,22,0,7
112,11,0,5
112,21,1,5
112,99,0,9
112,19,0,6
112,69,1,6
112,84,0,5
112,68,1,7
112,2,0,5
112,58,1,7
112,81,1,9
112,70,1,6
112,97,1,7
112,41,0,4
112,79,1,9
112,49,0,8
112,33,1,4
112,52,1,9
112,17,1,6
113,55,1,6
113,27,0,8
113,60,0,8
113,20,0,7
113,80,1,9
113,87,0,8
113,21,0,6
113,30,1,8
113,28,0,6
113,34,0,7
113,57,0,7
113,47,0,7
113,7,1,6
114,15,0,4
114,31,1,7
114,2,0,5
114,17,0,6
114,4,1,5
114,54,1,6
114,91,0,5
114,32,0,6
114,81,0,8
114,61,0,7
114,98,1,7
114,20,0,7
114,83,1,7
114,50,0,5
114,89,1,5
114,63,0,8
114,76,1,6
114,37,1,4
114,97,0,6
114,35,1,5
114,13,1,6
114,86,0,7
114,9,1,7
114,52,0,5
114,33,0,6
114,84,0,5
114,70,1,7
114,58,1,7
114,25,0,6
114,96,0,5
114,79,0,7
114,85,1,8
114,28,1,6
114,7,1,6
115,58,0,7
115,42,0,4
115,43,1,5
115,6,1,6
115,82,0,7
115,70,1,8
115,1,0,6
115,13,0,7
115,64,0,6
115,35,1,5
115,87,1,8
116,11,1,5
116,12,1,6
116,48,1,6
116,2,1,7
116,37,1,6
116,6,1,6
116,4,1,7
116,39,1,4
116,15,1,5
116,61,1,9
116,29,1,7
116,63,1,9
116,14,1,6
116,36,1,5
116,9,1,6
116,64,1,7
116,7,1,8
116,32,1,7
116,21,1,5
116,25,0,4
116,87,1,6
116,34,1,7
116,78,0,9
116,83,1,7
116,41,1,6
116,86,1,7
116,81,1,7
116,72,1,6
116,1,1,5
116,53,1,6
116,8,1,5
116,55,1,5
116,24,1,5
116,18,1,5
116,0,1,7
117,98,0,7
117,33,0,6
117,49,0,6
117,30,0,7
117,46,0,8
117,65,0,7
117,37,1,5
117,79,0,7
117,94,1,5
117,44,0,5
117,55,0,5
117,47,0,6
118,94,1,7
118,93,1,7
118,13,1,7
118,65,1,5
118,45,1,8
118,86,1,7
118,98,0,11
118,67,1,12
118,76,0,7
118,77,1,9
118,82,1,5
118,30,0,6
118,84,1,6
118,51,1,6
118,1,0,6
118,53,1,5
118,75,0,6
118,27,1,7
118,57,0,5
118,36,1,7
118,49,0,6
118,83,1,7
118,64,1,7
118,29,0,7
118,42,1,7
118,91,1,4
118,25,0,8
118,31,0,5
118,66,1,7
118,4,1,4
118,59,1,4
118,85,0,7
119,52,1,4
119,64,1,9
119,18,1,6
119,79,1,6
119,28,1,4
119,88,1,5
119,72,1,6
119,99,1,10
119,48,1,8
119,37,1,6
119,90,1,6
119,41,1,5
119,58,1,7
119,40,0,7
119,62,1,9
119,75,1,5
119,50,1,5
119,60,1,9
119,20,1,4
119,76,1,6
119,78,1,9
119,7,1,6
119,57,1,6
119,24,1,6
119,33,1,5
120,99,1,9
120,68,1,9
120,95,1,7
120,9,1,5
120,86,1,5
120,96,1,7
120,0,0,7
120,20,0,6
120,88,1,8
120,46,1,7
120,89,1,6
120,44,0,5
120,63,1,6
120,19,1,8
120,51,1,9
120,10,0,6
120,70,1,8
120,93,0,6
120,82,1,7
120,26,1,5
120,57,0,7
120,49,1,6
120,48,0,6
120,92,1,4
120,14,1,6
120,61,0,6
120,36,0,5
120,13,1,7
120,66,1,6
120,15,1,4
120,7,0,8
121,29,0,7
121,33,1,5
121,26,1,6
121,96,1,6
121,90,1,6
121,98,0,9
121,89,1,5
121,64,1,7
121,97,0,5
121,80,1,8
121,95,0,5
121,31,0,4
121,42,1,5
121,7,1,7
121,43,0,6
121,59,1,4
121,76,1,6
121,2,1,8
121,13,1,8
121,19,1,8
121,9,1,6
121,4,0,6
121,40,1,7
121,73,0,8
121,37,1,4
121,72,0,8
121,25,0,6
121,91,1,7
121,58,0,9
121,30,0,6
121,86,1,7
121,15,1,5
121,62,0,8
121,45,0,7
121,10,0,6
121,28,1,4
121,70,1,6
122,25,0,5
122,24,0,7
122,67,0,9
122,46,1,5
122,2,1,7
122,20,1,4
122,99,0,8
122,55,1,5
122,73,1,8
122,22,1,8
122,51,0,7
122,23,0,6
122,92,0,5
122,84,1,4
122,37,1,6
122,72,0,7
122,42,1,6
122,76,0,7
122,47,0,6
122,82,0,8
122,40,0,4
122,70,0,8
123,31,0,4
123,13,0,6
123,11,0,5
123,69,0,8
123,24,0,6
123,87,0,7
123,25,0,8
123,20,0,5
123,82,0,7
123,53,0,4
123,60,0,10
123,6,1,7
124,17,1,7
124,38,1,5
124,63,1,7
124,4,1,4
124,40,0,8
124,85,0,7
124,37,1,5
124,20,1,6
124,71,1,6
124,15,0,6
124,32,0,7
124,78,1,11
124,97,0,6
124,82,1,5
124,34,0,7
125,96,1,6
125,18,1,7
125,70,1,6
125,58,1,8
125,2,1,7
125,24,0,4
125,39,1,6
125,89,1,4
125,35,1,4
125,56,1,9
125,82,1,8
125,81,1,8
126,3,0,4
126,4,1,7
126,85,0,7
126,60,0,7
126,72,0,7
126,6,0,7
126,63,0,10
126,29,0,7
126,77,0,7
126,17,0,5
126,28,0,6
126,8,1,7
126,21,0,7
126,67,0,7
126,16,1,7
126,66,0,6
126,75,1,5
126,32,0,5
126,22,0,5
126,44,1,6
126,94,0,4
127,65,0,6
127,96,0,6
127,95,0,5
127,26,0,4
127,70,0,6
127,12,0,5
127,23,0,7
127,40,0,5
127,5,0,6
127,41,1,5
127,43,1,6
127,19,1,6
127,80,0,6
127,53,1,5
127,2,1,6
127,18,0,4
127,48,0,7
127,3,0,6
127,67,0,9
127,88,0,8
127,78,1,8
127,10,0,4
127,77,0,6
127,94,0,5
127,35,0,5
127,14,0,6
127,36,1,4
127,92,0,4
127,68,1,4
127,32,0,8
127,62,0,7
127,58,1,4
127,52,0,9
127,51,0,7
127,24,0,5
127,83,1,8
127,91,1,4
127,87,0,7
127,72,0,7
127,49,1,8
128,13,1,6
128,72,0,6
128,61,1,7
128,60,0,7
128,3,1,8
128,92,0,6
128,48,1,6
128,82,0,7
128,84,1,5
128,71,0,5
128,64,0,5
128,34,0,6
128,8,0,5
128,66,1,7
128,47,1,4
128,42,0,6
128,46,0,4
128,4,1,5
128,99,1,9
128,24,1,5
128,90,0,4
128,69,1,7
128,91,0,8
128,67,1,8
128,10,1,5
128,45,1,7
128,22,1,5
128,35,1,4
128,96,1,7
128,78,0,9
128,19,0,6
128,33,0,5
128,39,0,5
128,23,1,5
128,93,0,6
128,1,1,6
128,81,1,11
128,21,0,4
128,75,0,7
128,38,1,6
129,55,0,5
129,75,0,7
129,81,0,8
129,69,0,9
129,52,0,5
129,73,0,8
129,21,0,7
129,51,1,6
129,38,0,5
129,72,0,5
129,78,0,9
129,87,0,6
129,95,1,7
129,79,1,8
129,44,0,7
129,35,0,5
129,22,1,6
129,67,0,10
129,4,0,8
130,73,0,8
130,18,0,5
130,24,0,5
130,52,0,8
130,57,0,6
130,48,0,7
130,87,1,6
130,7,0,6
130,64,1,8
130,15,0,3
130,80,0,7
130,3,0,7
130,78,0,7
130,69,0,5
130,26,0,6
130,91,1,7
130,39,0,4
130,94,0,4
130,67,0,11
131,2,0,4
131,26,1,6
131,69,0,7
131,60,1,6
131,94,1,5
131,9,1,5
131,54,0,7
131,11,0,5
131,39,0,7
131,64,0,9
131,74,0,5
131,4,0,5
131,19,1,4
131,72,0,6
131,83,1,10
131,45,1,9
131,17,1,5
131,75,1,7
131,58,0,5
131,96,0,5
131,99,0,8
131,89,1,5
131,66,1,6
132,80,0,8
132,69,0,8
132,84,0,7
132,30,0,6
132,77,0,8
132,39,0,4
132,86,0,7
132,58,0,8
132,82,0,7
132,74,0,7
132,67,0,6
132,37,0,5
132,73,0,8
132,79,0,6
132,6,0,6
132,99,0,7
132,21,0,5
132,87,0,8
132,8,0,5
133,23,0,5
133,12,0,7
133,39,1,6
133,45,0,6
133,94,1,7
133,80,0,5
133,6,1,6
133,7,1,5
133,1,1,5
133,90,1,7
133,79,0,8
133,2,0,6
133,71,1,8
133,24,0,7
133,87,0,9
133,59,0,7
133,57,1,7
133,41,1,4
133,22,0,6
133,66,1,9
133,14,1,8
133,9,0,6
133,49,1,8
133,11,0,5
133,10,0,6
133,68,0,7
133,55,0,5
133,89,0,6
133,4,1,7
133,63,1,7
133,40,0,7
133,78,0,8
133,98,0,8
133,3,1,5
133,28,0,6
133,43,1,8
133,65,0,7
133,69,1,7
133,13,1,6
134,2,0,5
134,3,0,5
134,94,0,5
134,43,0,6
134,27,0,6
134,57,1,8
134,48,0,6
134,78,0,9
134,63,0,8
134,52,0,5
134,64,0,6
134,8,0,5
134,98,0,8
134,21,0,6
135,25,0,5
135,38,1,7
135,16,1,7
135,18,1,5
135,60,1,9
135,30,1,9
135,2,1,7
135,86,0,6
135,70,1,5
135,97,1,6
135,80,1,8
135,27,1,6
135,73,0,10
136,92,1,5
136,13,1,4
136,6,1,7
136,18,0,7
136,5,1,4
136,54,1,7
136,61,1,6
136,75,1,6
136,89,1,6
136,10,1,6
136,7,1,8
136,12,1,5
136,52,1,7
136,29,1,9
136,46,1,6
136,11,1,6
136,96,1,5
136,97,1,9
136,35,1,5
136,28,1,5
136,81,1,8
136,94,0,5
136,38,1,6
136,15,1,6
136,77,1,9
136,88,1,8
136,19,1,6
136,72,1,7
136,74,1,6
136,78,1,8
136,76,1,6
136,85,1,9
136,27,1,8
136,82,1,6
137,48,1,6
137,70,0,6
137,17,0,6
137,43,0,8
137,53,0,5
137,81,0,6
137,33,0,6
137,1,0,6
137,92,0,5
137,19,0,6
137,21,1,6
137,82,0,8
137,2,0,5
137,98,1,7
137,34,0,8
137,99,0,7
137,4,0,6
137,30,0,6
137,18,0,6
137,10,0,5
137,50,1,7
137,42,0,7
137,0,0,5
137,55,0,7
137,90,1,4
137,76,0,7
137,80,0,8
137,45,0,10
137,5,0,4
137,94,0,6
137,79,1,5
138,56,1,6
138,93,0,7
138,8,0,3
138,96,0,5
138,74,1,7
138,42,1,5
138,43,0,8
138,6,1,5
138,72,0,6
138,91,1,6
138,69,0,7
138,44,1,8
138,85,1,7
138,62,0,6
138,24,0,7
138,25,1,4
138,37,0,5
138,39,0,7
138,10,0,4
138,21,1,6
138,19,1,7
138,18,1,4
138,27,1,7
138,7,0,6
138,33,1,5
138,94,0,7
138,26,0,6
138,95,1,5
138,34,0,8
138,11,0,4
138,35,1,5
139,23,1,6
139,25,1,5
139,9,1,7
139,51,0,7
139,42,1,6
139,84,1,5
139,86,1,7
139,58,1,5
139,0,1,5
139,43,1,4
139,47,1,4
139,55,1,5
139,94,1,6
139,19,1,6
139,90,0,4
139,28,1,5
139,34,1,6
139,36,1,6
139,85,0,9
139,79,0,6
139,80,1,6
139,88,1,7
139,6,0,5
139,14,1,6
139,83,0,7
139,65,1,9
139,1,0,6
139,98,0,6
139,69,0,8
139,96,0,5
139,5,1,6
140,41,0,4
140,14,0,6
140,76,0,5
140,83,0,6
140,12,0,6
140,10,0,6
140,89,0,6
140,54,0,4
140,28,0,5
140,50,0,5
140,25,0,8
140,1,1,6
140,78,0,11
140,84,0,6
140,73,0,7
140,32,0,4
140,47,0,5
140,52,0,7
140,23,0,7
140,33,0,6
140,38,0,4
140,9,0,5
140,87,0,9
140,91,0,6
140,18,1,5
140,42,0,7
140,44,0,5
140,29,0,7
140,53,0,6
140,43,0,6
140,16,0,5
140,7,0,6
140,96,0,5
140,5,0,6
141,94,1,6
141,1,1,6
141,58,0,8
141,72,0,6
141,18,0,5
141,81,1,10
141,90,0,6
141,82,0,8
141,62,0,8
141,64,1,4
141,25,1,6
141,5,0,7
141,8,0,7
141,35,1,6
141,44,1,5
141,30,0,7
141,20,1,5
141,43,1,7
141,42,0,6
141,23,0,5
141,77,0,8
141,54,0,7
141,56,1,6
141,78,0,7
141,12,1,6
141,51,1,5
141,91,0,5
142,53,1,8
142,52,1,7
142,2,1,6
142,57,0,7
142,82,1,9
142,43,1,5
142,39,1,7
142,20,1,5
142,32,1,6
142,85,1,6
142,46,1,8
142,35,0,4
142,11,1,5
142,26,1,6
142,71,0,7
143,61,1,9
143,50,0,4
143,96,1,7
143,5,1,5
143,42,0,7
143,65,0,8
143,63,0,10
143,46,0,7
143,49,0,7
143,37,0,5
143,94,0,7
143,0,0,5
143,23,0,5
143,47,1,6
143,1,0,7
143,16,1,6
143,58,0,4
143,98,0,9
144,40,0,6
144,49,1,8
144,83,0,8
144,52,0,5
144,5,0,8
144,81,1,8
144,53,1,4
144,58,0,7
144,68,0,5
144,29,1,6
144,18,0,6
144,87,0,5
145,68,0,7
145,81,0,6
145,67,0,9
145,28,1,4
145,51,0,5
145,66,1,9
145,0,0,7
145,94,1,4
145,83,0,7
145,21,1,8
146,13,1,5
146,8,1,6
146,31,1,6
146,51,1,4
146,96,1,6
146,0,1,7
146,68,0,7
146,66,1,7
146,27,1,6
146,84,0,4
146,85,0,6
146,60,1,8
146,65,1,6
146,47,1,7
146,16,1,8
147,27,1,8
147,91,1,8
147,10,1,6
147,98,1,8
147,19,0,6
147,54,0,6
147,41,1,6
147,76,1,7
147,70,1,7
147,71,0,7
147,90,1,5
147,22,1,5
147,13,1,7
147,74,1,6
147,34,1,8
148,92,0,6
148,46,0,6
148,53,0,8
148,16,0,7
148,7,0,5
148,57,0,6
148,15,0,6
148,33,0,7
148,80,0,6
148,29,0,8
148,45,0,7
148,36,0,7
148,8,0,5
148,44,1,5
148,18,0,6
148,4,0,6
148,87,1,8
148,65,0,6
148,11,0,6
148,95,0,5
148,91,1,6
148,89,1,6
148,93,1,5
148,28,0,6
148,27,0,7
148,14,0,6
148,21,0,6
148,60,0,7
148,81,0,9
148,34,0,6
148,42,0,5
148,10,0,6
148,72,1,4
148,88,0,7
148,23,0,5
148,99,1,7
148,48,1,9
149,26,1,5
149,0,1,8
149,48,1,6
149,31,1,7
149,88,1,6
149,97,1,5
149,61,1,9
149,42,1,5
149,6,1,7
149,82,1,9
149,49,0,5
149,63,1,10
149,51,1,7
149,38,1,4
149,79,1,6
149,46,1,6
149,53,1,5
149,40,1,6
149,81,1,7
149,28,1,6
149,7,1,4
149,78,1,8
149,83,1,6
149,22,1,5
149,44,1,5
149,50,1,6
149,33,1,4
149,2,0,7
149,11,1,4
149,59,1,6
149,87,1,7
149,66,1,8
149,57,0,4
149,12,1,6
149,21,1,7
149,25,1,7
150,15,1,4
150,40,0,7
150,32,0,7
150,9,0,6
150,82,1,9
150,95,1,7
150,71,1,5
150,10,1,5
150,16,1,6
150,60,1,8
150,11,0,7
150,93,0,5
150,67,0,9
150,24,0,7
151,21,1,6
151,63,1,11
151,59,1,5
151,53,1,7
151,61,1,9
151,83,1,6
151,97,1,6
151,42,1,6
151,32,1,6
151,71,1,7
151,92,1,6
151,57,1,6
151,31,1,6
151,25,1,6
151,17,1,5
151,54,1,4
152,35,1,6
152,88,1,8
152,41,1,8
152,82,1,5
152,59,1,9
152,71,1,7
152,53,1,5
152,95,1,6
152,27,1,6
152,22,1,8
152,15,1,6
152,56,1,7
152,29,1,8
152,17,1,4
152,46,0,7
152,87,1,8
152,91,1,6
152,81,1,8
152,34,1,4
152,19,1,6
152,12,0,5
152,89,1,6
152,85,1,7
152,55,1,8
152,69,1,7
153,62,1,6
153,33,0,5
153,44,0,6
153,76,0,6
153,38,1,6
153,59,0,7
153,96,0,5
153,45,0,8
153,64,0,6
153,16,0,8
153,27,0,5
153,83,0,9
153,75,0,6
153,6,0,7
153,7,0,5
153,9,0,7
153,80,0,9
153,37,0,7
153,39,0,7
153,68,0,6
153,25,0,4
153,74,0,5
153,21,1,6
153,1,1,6
153,70,1,8
153,10,1,6
153,89,0,6
153,5,0,6
153,98,0,7
153,8,0,4
153,61,0,6
154,58,0,6
154,46,0,5
154,66,0,8
154,45,0,9
154,72,0,7
154,14,0,6
154,65,0,6
154,8,0,4
154,76,0,7
154,21,0,7
154,55,0,4
154,40,0,6
154,26,0,6
154,2,0,7
154,57,0,6
154,94,0,6
154,64,0,9
154,71,0,7
154,73,0,7
154,41,0,7
155,44,1,6
155,23,1,5
155,45,0,8
155,10,0,6
155,50,0,7
155,67,1,8
155,41,0,7
155,71,0,7
155,9,1,6
155,58,1,6
155,43,0,7
155,82,1,5
156,54,0,5
156,89,1,7
156,61,1,7
156,97,1,7
156,59,0,8
156,6,0,6
156,15,0,4
156,48,1,5
156,74,1,6
156,81,0,7
156,79,1,7
156,95,0,5
156,93,1,7
156,28,0,7
156,91,0,5
156,41,0,7
156,19,0,5
156,21,1,6
156,7,1,8
156,62,1,5
156,39,1,5
156,55,0,5
156,80,1,8
156,0,1,8
156,33,1,6
156,46,1,6
156,14,0,4
156,92,0,6
156,63,1,8
157,64,1,6
157,12,0,4
157,13,0,6
157,39,0,4
157,71,0,4
157,90,0,5
157,2,0,5
157,27,0,5
157,41,0,8
157,30,1,7
157,77,0,9
157,42,0,5
157,57,0,5
157,58,0,7
157,53,0,6
157,78,0,9
157,63,0,8
157,18,1,6
157,37,0,4
157,67,0,6
157,7,1,7
157,8,0,5
157,0,0,4
157,91,0,7
157,61,0,10
157,35,0,5
157,93,0,4
157,86,0,5
157,99,0,9
157,43,0,7
157,31,0,5
157,87,0,8
157,89,0,7
157,62,0,7
157,40,0,6
157,83,0,10
157,80,0,6
158,41,1,6
158,79,1,6
158,63,1,7
158,82,1,9
158,51,1,6
158,81,1,6
158,13,1,5
158,76,1,5
158,78,1,9
158,85,1,5
158,58,1,9
158,56,0,7
158,83,1,7
158,80,1,6
158,99,1,7
158,7,1,7
158,18,1,6
159,17,0,4
159,19,0,9
159,42,0,6
159,61,0,7
159,21,0,6
159,35,0,5
159,98,0,9
159,27,0,6
159,89,0,5
159,38,0,4
159,43,0,7
159,53,0,6
159,5,0,5
159,7,0,6
159,12,0,6
159,40,0,8
159,9,0,6
159,91,0,6
159,30,0,7
159,92,0,5
159,74,0,7
159,93,0,6
159,90,0,6
159,45,0,8
159,16,0,8
159,85,0,8
159,49,0,5
159,55,0,8
160,93,1,5
160,69,1,7
160,57,0,6
160,97,1,7
160,54,1,6
160,21,1,7
160,98,1,7
160,19,0,7
160,95,0,6
160,79,1,8
160,91,1,6
160,84,0,4
160,25,0,6
160,17,1,5
160,92,0,4
160,45,1,9
160,71,1,4
160,26,0,7
160,6,1,6
160,22,1,7
160,77,0,10
160,11,0,6
161,57,1,6
161,2,1,4
161,41,1,6
161,40,1,8
161,4,1,7
161,14,1,7
161,93,1,5
161,75,1,7
161,37,1,5
161,26,1,6
161,6,1,6
161,53,1,7
161,58,1,8
161,65,1,6
161,84,1,5
162,22,1,6
162,77,1,11
162,20,1,6
162,4,1,7
162,15,1,7
162,52,1,9
162,63,1,7
162,44,1,8
162,0,1,5
162,47,1,6
162,41,1,5
162,1,1,5
163,27,1,6
163,42,1,6
163,41,1,7
163,82,0,8
163,46,1,8
163,73,0,9
163,37,1,5
163,66,1,7
163,96,1,6
163,2,0,6
163,68,1,7
163,80,1,9
163,30,0,5
163,93,1,5
163,48,0,7
163,74,1,7
163,64,1,7
163,77,1,8
163,86,1,7
163,4,1,5
163,87,1,6
163,94,1,5
163,18,0,5
163,56,1,7
163,50,1,7
163,47,1,4
163,14,1,7
163,38,0,7
163,21,1,6
163,17,1,4
163,34,1,7
163,19,1,7
163,10,1,5
163,85,0,6
163,83,0,9
164,27,1,5
164,19,1,4
164,48,1,7
164,0,1,5
164,51,1,4
164,75,1,4
164,13,1,7
164,58,1,6
164,82,1,8
164,45,1,9
164,35,1,5
164,40,1,7
164,94,1,7
164,74,1,5
164,88,1,6
164,42,1,5
164,86,1,9
164,16,1,9
164,61,1,8
164,52,1,9
164,9,1,6
164,33,1,6
164,89,1,6
164,8,1,7
165,82,0,7
165,32,0,5
165,51,0,5
165,79,0,7
165,3,0,5
165,68,0,6
165,25,0,5
165,42,0,5
165,2,0,5
165,80,0,8
165,33,0,6
165,56,0,8
165,44,0,7
165,27,0,5
165,69,0,6
165,16,0,4
165,74,0,10
165,54,0,5
165,88,0,6
165,98,0,10
165,37,0,4
165,13,0,6
165,90,0,4
165,0,0,6
165,19,0,5
165,62,0,6
165,40,0,6
165,72,0,7
165,10,1,4
165,71,0,5
166,28,0,8
166,13,0,7
166,73,0,5
166,91,1,6
166,81,0,9
166,71,0,7
166,40,0,8
166,98,1,7
166,31,0,5
166,84,0,7
166,12,0,7
166,30,1,6
166,86,1,4
166,3,0,7
166,60,1,8
166,78,1,7
166,16,1,7
166,96,1,6
166,43,1,5
166,25,1,6
166,41,0,7
166,49,0,8
166,76,1,6
166,33,1,5
166,52,0,7
166,44,0,5
166,32,1,6
166,82,1,10
166,74,1,8
166,89,0,4
166,45,0,9
166,11,0,6
167,7,1,5
167,44,1,5
167,20,1,5
167,79,0,5
167,22,0,7
167,3,1,8
167,69,1,4
167,59,1,7
167,90,1,6
167,76,1,5
167,67,0,6
167,60,0,11
167,73,0,6
167,29,1,6
167,23,1,4
168,24,1,5
168,90,0,5
168,49,0,6
168,65,1,7
168,18,0,5
168,79,1,8
168,9,0,6
168,59,0,6
168,98,1,8
168,5,0,6
168,44,1,7
168,56,0,7
168,35,1,6
168,97,1,6
168,40,1,7
168,96,0,7
168,53,1,6
168,52,0,6
168,39,0,5
168,94,1,4
168,37,1,4
168,30,1,8
168,87,1,5
168,69,0,7
168,86,0,8
168,33,0,7
168,50,0,7
168,14,1,8
169,27,1,5
169,50,1,7
169,51,1,6
169,36,0,6
169,25,0,6
169,2,1,6
169,53,0,7
169,33,1,4
169,80,0,7
169,52,0,8
169,22,1,5
169,69,1,6
169,83,0,9
169,77,0,9
169,93,0,4
169,84,0,6
169,78,1,6
169,72,1,6
169,65,1,6
169,12,0,6
170,92,0,7
170,27,0,7
170,43,0,6
170,74,0,5
170,72,0,5
170,62,0,4
170,67,0,10
170,77,0,7
170,93,0,5
170,48,0,7
171,3,1,6
171,70,1,9
171,99,1,10
171,57,1,7
171,60,1,10
171,81,1,8
171,79,1,7
171,55,1,6
171,33,0,7
171,95,0,5
171,75,1,7
171,39,1,5
171,16,0,6
171,14,1,6
171,96,1,4
171,52,1,5
171,42,1,4
171,56,1,9
171,58,1,7
171,66,1,7
171,29,1,7
171,20,1,5
171,1,1,6
171,40,1,8
171,78,1,9
171,9,1,7
171,26,1,7
171,45,1,8
171,68,1,4
171,90,0,4
172,68,0,5
172,39,1,5
172,38,1,3
172,28,1,6
172,60,0,9
172,75,0,8
172,78,0,9
172,35,1,6
172,33,1,5
172,85,1,11
172,4,1,7
172,79,1,8
172,74,0,7
172,84,1,5
172,44,0,7
172,37,1,5
172,19,0,6
172,9,1,6
172,11,1,6
172,0,1,6
172,45,1,7
172,8,1,4
172,58,0,7
172,43,1,6
172,80,1,9
172,55,1,6
172,15,1,5
173,9,1,7
173,1,1,4
173,74,0,6
173,93,1,6
173,31,1,4
173,0,1,4
173,30,1,7
173,35,0,7
173,70,0,7
173,88,1,6
173,89,0,6
173,78,1,9
173,54,1,8
173,46,1,6
173,91,0,9
173,37,1,5
173,94,0,6
174,87,0,7
174,95,1,7
174,97,1,7
174,74,0,8
174,61,1,8
174,52,0,7
174,90,1,6
174,5,0,6
174,65,1,8
174,11,1,6
175,3,0,5
175,55,0,4
175,48,0,4
175,80,0,6
175,20,0,4
175,51,1,8
175,95,0,7
175,76,0,6
175,53,0,5
175,66,0,8
175,90,0,5
175,63,0,6
175,39,0,6
175,47,0,6
175,12,0,5
175,82,1,7
175,24,0,5
175,56,0,7
175,67,0,7
175,74,0,8
175,60,0,9
175,2,1,7
175,94,0,7
175,73,0,9
175,36,0,5
176,32,1,8
176,45,1,7
176,93,0,6
176,14,1,6
176,13,1,6
176,39,1,6
176,56,1,7
176,8,1,4
176,61,1,6
176,66,1,8
176,97,1,6
176,70,1,6
176,24,1,7
176,51,1,5
176,41,0,7
176,16,1,6
176,21,1,6
176,22,1,6
176,69,1,8
176,19,1,8
176,72,1,6
177,31,0,5
177,95,1,6
177,22,1,5
177,54,1,7
177,27,1,8
177,9,1,6
177,76,1,5
177,52,1,7
177,17,1,6
177,74,0,7
177,61,1,9
177,58,1,6
177,42,1,7
177,34,0,6
177,68,0,4
177,3,1,6
177,91,1,7
177,28,1,5
177,46,1,8
177,10,1,5
177,98,1,9
177,0,0,6
177,30,0,8
177,67,0,10
177,66,0,7
177,56,0,4
177,70,0,7
177,37,0,6
177,24,1,5
177,90,1,4
177,40,1,4
178,27,0,5
178,55,1,7
178,38,1,6
178,12,1,4
178,84,1,5
178,87,1,5
178,8,1,5
178,20,0,4
178,3,1,5
178,83,1,8
178,2,1,6
178,53,1,5
178,97,1,7
178,94,0,6
178,0,1,7
178,89,1,5
178,37,0,3
178,22,0,5
178,65,0,7
178,28,1,5
178,15,0,4
178,34,1,7
178,75,1,7
178,51,1,6
178,39,1,7
178,96,1,7
178,74,0,7
178,63,1,7
178,19,1,6
178,16,1,6
178,18,1,5
178,78,1,9
178,4,1,5
178,92,0,7
178,42,1,7
178,62,1,8
179,90,0,5
179,31,1,6
179,95,0,5
179,8,0,7
179,51,1,7
179,38,0,6
179,66,0,9
179,34,0,7
179,14,0,8
179,15,0,6
179,39,0,6
179,62,0,6
179,21,0,8
180,82,0,7
180,52,1,9
180,88,0,6
180,48,0,5
180,60,0,7
180,32,0,7
180,30,1,7
180,8,0,5
180,78,1,7
180,91,0,4
180,6,1,5
180,62,0,9
180,76,0,5
180,0,0,4
180,77,0,11
180,49,0,6
180,37,0,5
180,20,1,4
180,56,0,8
180,83,0,9
180,70,0,9
180,65,0,7
180,46,0,8
180,2,0,6
180,36,0,5
181,69,1,6
181,68,0,8
181,95,1,5
181,14,0,5
181,90,0,5
181,33,0,4
181,10,0,4
181,86,1,8
181,49,0,7
181,47,0,4
181,74,0,6
181,23,0,6
181,50,1,5
181,58,1,7
181,41,0,7
181,99,0,10
181,94,0,5
181,6,0,7
181,2,0,4
181,80,0,9
181,83,1,7
181,61,1,9
181,20,0,5
181,12,0,5
181,43,1,5
181,67,1,9
181,48,0,7
181,78,0,9
181,46,0,7
182,14,1,5
182,25,1,6
182,38,0,6
182,15,0,5
182,1,1,7
182,16,0,8
182,29,1,6
182,32,1,6
182,70,0,8
182,26,1,5
182,18,0,5
182,59,1,9
182,19,0,5
182,77,1,6
182,99,0,7
182,67,1,9
182,74,0,9
182,94,1,6
182,2,1,4
182,81,0,9
182,27,0,7
182,23,1,5
182,28,1,5
182,78,1,9
182,97,1,6
182,41,0,4
182,52,1,7
183,51,0,7
183,45,1,8
183,26,0,7
183,7,1,8
183,93,0,7
183,62,0,8
183,15,0,5
183,88,1,6
183,0,0,5
183,78,0,12
183,5,1,5
183,67,0,5
183,96,0,3
183,17,1,6
183,68,0,6
183,61,0,6
183,37,0,5
183,32,0,6
183,1,0,6
183,89,0,6
183,36,0,7
183,20,1,4
183,18,0,6
183,86,0,5
183,11,0,5
183,77,0,9
183,38,0,5
184,95,1,5
184,26,1,5
184,81,1,8
184,1,1,6
184,27,1,6
184,47,1,4
184,54,1,4
184,64,1,8
184,58,1,5
184,60,1,7
184,46,1,6
184,14,1,7
184,50,1,5
184,62,1,6
184,98,1,7
184,77,1,9
184,75,1,6
184,76,1,4
185,89,1,6
185,99,1,10
185,93,1,7
185,28,0,6
185,35,1,6
185,49,1,7
185,7,1,9
185,19,1,6
185,26,0,5
185,64,1,6
185,56,1,8
185,51,1,5
185,90,1,4
185,45,1,6
185,20,1,7
186,46,1,7
186,12,1,6
186,9,1,6
186,5,1,6
186,19,1,6
186,44,1,4
186,92,0,6
186,53,1,6
186,86,1,6
186,47,1,7
186,87,1,7
186,67,1,8
186,61,1,5
186,95,0,7
187,78,1,10
187,57,1,5
187,73,1,9
187,65,1,7
187,23,1,6
187,55,1,6
187,51,1,4
187,79,1,9
187,46,1,8
187,31,1,4
187,74,1,8
187,36,1,7
187,53,1,5
187,15,1,7
187,45,1,7
187,9,1,6
187,92,1,6
187,54,1,8
187,1,1,4
187,47,1,6
187,61,1,7
187,34,1,6
188,49,1,5
188,83,0,7
188,42,0,4
188,79,0,6
188,85,1,7
188,75,0,6
188,29,0,8
188,90,1,4
188,44,1,6
188,82,1,7
188,28,0,7
188,12,1,6
188,15,0,4
188,9,1,5
188,62,1,6
188,97,0,9
188,33,1,4
188,5,0,6
188,57,1,7
188,80,1,7
188,71,1,7
188,38,0,5
188,10,1,7
188,32,1,6
188,58,1,7
188,67,0,7
189,48,1,5
189,40,0,5
189,4,0,7
189,82,1,9
189,9,0,6
189,54,0,4
189,7,0,6
189,13,0,7
189,83,0,9
189,95,0,5
189,93,0,5
189,14,0,6
189,71,1,4
189,15,0,6
189,66,1,7
189,44,0,7
189,24,0,5
189,19,0,6
189,5,0,8
189,31,0,4
189,28,0,6
189,72,0,6
189,65,1,10
189,91,0,6
189,98,0,7
189,8,0,6
189,84,1,4
189,6,0,6
189,50,0,5
189,30,1,7
189,58,0,6
190,42,0,5
190,10,0,6
190,3,0,6
190,36,0,6
190,56,1,6
190,0,0,7
190,22,0,7
190,21,0,5
190,62,0,7
190,49,0,5
190,63,0,8
190,14,0,7
190,31,0,6
190,4,0,5
190,85,0,9
190,45,0,9
190,48,0,7
190,44,0,7
190,32,0,5
190,38,0,5
190,80,0,8
190,64,1,9
191,4,1,4
191,62,0,6
191,22,0,4
191,50,1,6
191,52,0,6
191,91,1,7
191,28,0,5
191,5,0,7
191,6,0,4
191,14,0,7
191,87,0,9
191,66,0,6
191,67,0,6
191,40,0,6
191,56,0,7
192,83,1,8
192,88,1,8
192,53,1,6
192,28,1,3
192,42,1,5
192,3,1,6
192,60,1,7
192,12,1,6
192,79,1,5
192,55,1,6
192,21,1,7
193,92,0,4
193,69,0,7
193,72,0,5
193,5,0,6
193,39,0,6
193,22,0,8
193,23,0,7
193,30,0,7
193,96,0,6
193,86,0,8
193,16,0,8
193,18,0,7
193,40,1,6
193,34,0,6
193,44,0,6
193,95,0,6
193,6,0,5
193,64,0,7
193,90,0,5
193,50,0,4
194,13,0,4
194,94,1,7
194,31,1,6
194,85,1,6
194,28,1,7
194,61,0,8
194,56,1,6
194,23,1,7
194,20,0,6
194,90,1,4
194,75,1,5
194,4,1,5
194,5,1,6
194,55,1,7
194,57,1,4
194,50,1,6
194,67,1,11
194,81,1,7
194,42,1,5
194,2,0,6
194,47,1,6
194,76,1,7
194,82,1,6
194,49,0,6
194,69,0,8
194,93,0,6
195,94,1,4
195,81,0,10
195,48,0,6
195,42,1,5
195,68,1,8
195,73,1,10
195,12,0,7
195,88,1,4
195,83,0,5
195,92,0,6
195,75,0,6
195,14,0,7
195,38,0,7
195,24,1,7
195,49,0,6
195,40,0,6
195,27,0,7
195,21,0,4
195,71,1,6
195,13,1,6
195,89,0,5
195,98,0,5
195,43,1,8
195,85,0,9
195,5,0,5
195,6,0,5
195,4,0,7
195,60,1,7
195,15,0,7
195,97,1,7
195,18,0,5
195,67,0,9
195,44,1,6
195,8,0,4
195,54,0,5
195,63,1,9
195,61,0,7
195,3,1,6
196,10,0,5
196,88,0,6
196,45,0,6
196,21,0,5
196,87,1,6
196,30,1,5
196,66,0,7
196,67,1,8
196,78,0,7
196,31,1,7
196,36,0,6
196,29,0,6
196,24,0,6
196,77,1,9
196,58,1,7
196,74,1,8
196,38,1,6
196,42,1,5
196,7,1,7
197,65,1,6
197,58,1,7
197,50,1,5
197,23,1,5
197,41,1,7
197,21,1,7
197,22,0,6
197,37,1,6
197,85,1,8
197,51,1,6
197,71,1,6
198,32,0,7
198,46,1,6
198,45,1,8
198,58,1,8
198,62,1,7
198,66,1,4
198,26,1,8
198,57,1,7
198,79,0,8
198,74,1,7
198,28,1,7
198,52,1,6
198,31,1,6
198,23,1,6
198,0,1,5
198,11,1,6
198,13,1,6
198,86,1,5
198,95,1,5
198,18,1,5
198,55,1,6
198,88,1,7
198,61,0,8
198,48,0,7
198,36,1,6
198,8,1,7
198,43,1,6
198,96,0,5
198,83,1,7
198,84,1,7
199,43,0,6
199,67,1,8
199,25,0,5
199,32,0,6
199,0,0,5
199,60,1,8
199,45,0,8
199,29,0,5
199,78,1,10
199,20,0,4
199,51,1,6
199,92,0,4
199,85,0,9
199,75,0,5
199,21,1,5
199,11,1,6
199,88,0,5
199,4,0,7
200,33,1,7
200,82,1,9
200,76,1,5
200,26,0,5
200,92,1,7
200,18,0,7
200,58,0,5
200,25,1,5
200,90,0,5
200,62,0,7
200,13,1,6
200,80,1,8
200,61,0,7
200,49,1,6
200,15,0,6
200,0,1,7
200,40,1,6
200,45,1,9
200,68,0,6
200,42,1,5
200,85,0,9
200,59,1,6
200,50,1,5
200,54,1,7
200,98,1,10
